<annotation>
	<folder>train</folder>
	<filename>A22.jpg</filename>
	<path>/Users/ifivebatam/Documents/Belajar/dataset/train_zip/train/A22.jpg</path>
	<source>
		<database>Unknown</database>
	</source>
	<size>
		<width>1200</width>
		<height>800</height>
		<depth>3</depth>
	</size>
	<segmented>0</segmented>
	<object>
		<name>Normal</name>
		<pose>Unspecified</pose>
		<truncated>0</truncated>
		<difficult>0</difficult>
		<bndbox>
			<xmin>294</xmin>
			<ymin>276</ymin>
			<xmax>613</xmax>
			<ymax>612</ymax>
		</bndbox>
	</object>
</annotation>
