<annotation>
	<folder>train</folder>
	<filename>A25.jpg</filename>
	<path>/Users/ifivebatam/Documents/Belajar/dataset/train_zip/train/A25.jpg</path>
	<source>
		<database>Unknown</database>
	</source>
	<size>
		<width>1200</width>
		<height>800</height>
		<depth>3</depth>
	</size>
	<segmented>0</segmented>
	<object>
		<name>Normal</name>
		<pose>Unspecified</pose>
		<truncated>0</truncated>
		<difficult>0</difficult>
		<bndbox>
			<xmin>317</xmin>
			<ymin>291</ymin>
			<xmax>600</xmax>
			<ymax>592</ymax>
		</bndbox>
	</object>
</annotation>
