<annotation>
	<folder>train</folder>
	<filename>A36.jpg</filename>
	<path>/Users/ifivebatam/Documents/Belajar/dataset/train_zip/train/A36.jpg</path>
	<source>
		<database>Unknown</database>
	</source>
	<size>
		<width>1200</width>
		<height>800</height>
		<depth>3</depth>
	</size>
	<segmented>0</segmented>
	<object>
		<name>Normal</name>
		<pose>Unspecified</pose>
		<truncated>0</truncated>
		<difficult>0</difficult>
		<bndbox>
			<xmin>307</xmin>
			<ymin>216</ymin>
			<xmax>579</xmax>
			<ymax>590</ymax>
		</bndbox>
	</object>
</annotation>
